Player ID,SN,Age,Gender
0,Marughi89,22,Male
1,Lirtedy26,24,Male
2,Chamistast30,31,Male
3,Lisirra25,20,Male
4,Lirtim36,15,Other / Non-Disclosed
5,Undimsya85,33,Male
6,Lirtassa77,22,Female
7,Mindirra92,20,Male
8,Undirrasta89,20,Male
9,Iskjaskst81,20,Male
10,Yoishirrala98,17,Female
11,Undassa89,25,Male
12,Lisossanya98,37,Male
13,Lisirra87,29,Male
14,Ililsan66,9,Male
15,Lisosiast26,20,Male
16,Ilimya66,33,Male
17,Lisassa49,28,Male
18,Mindirraya69,23,Other / Non-Disclosed
19,Lirtista72,25,Male
20,Sondassala75,18,Male
21,Iskelosda54,17,Male
22,Sundista85,12,Male
23,Lirtossa84,11,Male
24,Chanjasksda31,40,Male
25,Chamiman85,20,Male
26,Lisosia66,21,Male
27,Lisirra44,21,Male
28,Mindassast27,35,Male
29,Quilassa66,7,Female
30,Marilsasya33,19,Male
31,Lisossa63,20,Male
32,Assim38,16,Male
33,Sondenasta63,21,Male
34,Chrathybust28,24,Male
35,Sondadar26,9,Male
36,Chanjaskan89,21,Male
37,Chamassast26,21,Male
38,Chadossa26,22,Female
39,Smecherdi88,11,Male
40,Chanjask65,18,Female
41,Chanassa48,20,Male
42,Mindosia50,27,Female
43,Sondassan80,25,Male
44,Iskim96,16,Male
45,Sondim73,19,Male
46,Ilosian36,15,Male
47,Iskadarya95,20,Male
48,Lisirra55,39,Female
49,Undotesta33,18,Male
50,Quaecjask96,9,Male
51,Ilosia88,22,Female
52,Iskosia45,25,Male
53,Lirtosia63,34,Male
54,Ililsasya43,19,Male
55,Sondassasya91,21,Female
56,Undista85,21,Male
57,Lisossa46,25,Male
58,Jiskossa61,24,Male
59,Lisastsya37,22,Male
60,Ilogha82,25,Female
61,Lisast87,19,Male
62,Undory40,30,Female
63,Lisassa64,21,Female
64,Frichim77,24,Male
65,Chamossa77,21,Male
66,Jiskosiasya52,25,Male
67,Lassadarsda57,25,Female
68,Lassjaskan73,22,Male
69,Chanuchi25,20,Male
70,Jiskim75,25,Male
71,Iljask57,25,Male
72,Jiskimsda73,12,Male
73,Jiskjask60,21,Female
74,Undistasta86,23,Female
75,Ilossa39,24,Male
76,Frichossast91,27,Male
77,Sondistanya61,18,Female
78,Ilaststa70,19,Male
79,Assakuya57,12,Male
80,Lisossa25,22,Male
81,Lisovynya38,40,Male
82,Lisopela58,22,Male
83,Marilsanya48,25,Male
84,Chadadar38,23,Male
85,Marirraya39,17,Male
86,Lirtassan59,30,Male
87,Lisassasda39,36,Male
88,Frichaststa81,22,Male
89,Chadilsasta32,23,Male
90,Jiskjask76,17,Male
91,Chamadarsda63,23,Male
92,Chanirrasta87,14,Male
93,Marokian45,23,Male
94,Sundadar27,31,Male
95,Iskassa50,12,Male
96,Chamirra53,23,Male
97,Frichosiala98,24,Female
98,Chanosiaya39,44,Male
99,Lirtossa78,35,Male
100,Lirtastsya71,21,Male
101,Frichistast39,29,Male
102,Chamjask73,22,Female
103,Sundista37,26,Male
104,Lirtilsan89,17,Female
105,Lisosia93,25,Male
106,Sundastnya66,30,Female
107,Chadossa89,23,Male
108,Iskast78,21,Male
109,Lisjaskan36,11,Male
110,Chadistaya75,21,Female
111,Chamucosda93,20,Male
112,Chadadarla74,30,Male
113,Iskosia51,23,Male
114,Frichistan93,15,Male
115,Jiskassan80,17,Male
116,Raysistast71,20,Male
117,Undosia27,17,Male
118,Jiskassa76,22,Male
119,Marirrasta30,23,Male
120,Lassista97,19,Male
121,Lirtastan49,29,Male
122,Sondimla25,19,Male
123,Sondjasknya45,25,Male
124,Undirrala66,22,Male
125,Ilast55,24,Male
126,Iskjaskan81,25,Male
127,Iljask75,22,Male
128,Lisast98,22,Male
129,Lisilsa68,21,Male
130,Lassilsala30,21,Male
131,Ilosia37,23,Male
132,Iskossan49,38,Male
133,Assistasda90,25,Male
134,Jiskimya77,17,Male
135,Sundilsast76,19,Male
136,Chadadarya31,9,Female
137,Iloni35,20,Male
138,Chanirra56,21,Male
139,Assassa81,27,Male
140,Chadirra90,18,Male
141,Undosiasya79,27,Male
142,Chadjask85,24,Male
143,Lisilsa62,25,Male
144,Sundassa93,16,Male
145,Lirtirra37,25,Male
146,Chadanto83,30,Male
147,Sondim43,25,Male
148,Chamassasya86,24,Male
149,Sondedust36,25,Male
150,Chanista95,39,Male
151,Assassa43,18,Male
152,Jiskjask80,11,Male
153,Marjask87,20,Male
154,Assistast50,30,Female
155,Lassim90,21,Female
156,Mindesi74,22,Male
157,Lisosia92,25,Male
158,Sundirrala66,20,Male
159,Ilimsda76,13,Male
160,Marilsa69,25,Female
161,Sondassa48,17,Male
162,Chamosia71,35,Male
163,Mindirranya33,35,Male
164,Chanastya70,22,Male
165,Iskosia90,23,Male
166,Sondim68,22,Female
167,Nourrimsda30,20,Male
168,Crausirra42,13,Male
169,Lirtjaskan85,15,Male
170,Jiskjask76,20,Female
171,Lisjasksda68,21,Female
172,Assjaskan73,22,Male
173,Jiskilsa35,32,Male
174,Lirtosia72,16,Male
175,Lisassa26,16,Male
176,Undadar97,18,Male
177,Jiskirran77,20,Other / Non-Disclosed
178,Iladarla40,21,Female
179,Lisista54,21,Male
180,Chamista31,22,Female
181,Chanosiast43,10,Male
182,Lirtassa52,15,Male
183,Lassirrasda85,20,Male
184,Undirra73,34,Male
185,Sondassa68,20,Male
186,Sondilsa42,19,Female
187,Undilsa52,39,Female
188,Assylla81,20,Male
189,Koikirra25,7,Male
190,Lisirra58,20,Female
191,Jiskebosya95,29,Male
192,Chadassasda60,20,Male
193,Jiskimsta59,25,Male
194,Lisimsta66,18,Male
195,Jiskossa51,14,Male
196,Sondadarya58,19,Male
197,Ilosiast59,22,Female
198,Chanossala89,23,Male
199,Frichistasta59,15,Male
200,Undast38,20,Male
201,Chamadar27,19,Female
202,Zhestim56,28,Female
203,Mindadaran26,13,Female
204,Mindista32,24,Male
205,Lisosia51,23,Male
206,Jiskadarst79,18,Male
207,Assjask64,7,Male
208,Lisirrast82,33,Male
209,Iskirra44,34,Male
210,Jiskosiala43,14,Male
211,Chaniman66,16,Male
212,Chanjaskan37,35,Male
213,Chamastya76,34,Male
214,Frichosiasya71,20,Other / Non-Disclosed
215,Ilassast39,18,Male
216,Frichilsa31,15,Male
217,Maridisya31,25,Male
218,Jiskilsa93,30,Male
219,Sondirra83,21,Male
220,Sundilsa62,22,Other / Non-Disclosed
221,Lisassa39,24,Male
222,Iskistasda86,24,Male
223,Cosadar58,38,Male
224,Bartassaya73,26,Male
225,Assesi91,23,Male
226,Frichaststa61,21,Female
227,Ilista82,23,Male
228,Chadjask77,8,Male
229,Chadossa38,17,Male
230,Marassa62,21,Male
231,Undosian34,21,Male
232,Sweecossa42,34,Male
233,Frichosia58,15,Female
234,Assosia88,20,Female
235,Chanastnya43,22,Male
236,Sondastsda82,24,Male
237,Frichocesta66,20,Male
238,Narirra38,17,Male
239,Assim27,45,Male
240,Frichossast75,27,Male
241,Jiskjask85,40,Male
242,Iskirra45,22,Male
243,Chadista79,30,Male
244,Chanosseya79,16,Male
245,Mindilsa34,24,Female
246,Lassilsa63,24,Male
247,Maradarsya60,11,Male
248,Lisista63,17,Male
249,Undosian29,20,Male
250,Undjask33,22,Male
251,Mindast60,21,Male
252,Sondilsa40,25,Male
253,Ilassa51,20,Male
254,Lisistaya47,18,Male
255,Iskista88,24,Male
256,Iskosian40,16,Male
257,Lisista27,16,Male
258,Chanassa73,20,Male
259,Lirtim29,22,Male
260,Lisiman76,16,Male
261,Sundaststa26,26,Female
262,Mindetosya30,24,Male
263,Lirtyrdesta65,22,Male
264,Lisuby25,22,Male
265,Undastst48,15,Female
266,Maradarnya40,20,Male
267,Lirtilsa71,24,Male
268,Lirtosiast35,7,Male
269,Lisassasta50,25,Male
270,Poshilsa82,16,Male
271,Lassjask63,30,Male
272,Undadarla37,28,Male
273,Undirrasta74,29,Male
274,Chanirrala39,22,Male
275,Tanimnya91,25,Female
276,Frichossast86,24,Other / Non-Disclosed
277,Sondilsa35,21,Male
278,Frichast72,22,Male
279,Assirra72,24,Male
280,Sundassanya52,18,Female
281,Chanosia65,22,Male
282,Undare39,23,Male
283,Lirtossan50,20,Female
284,Ililsasda87,20,Male
285,Lisirraya76,24,Male
286,Jiskimla32,23,Female
287,Chamosia29,22,Male
288,Chanossast57,7,Female
289,Lirtastsda29,16,Male
290,Lisistasya93,31,Female
291,Marjasksda39,15,Male
292,Chanastsda67,21,Female
293,Assastnya25,20,Male
294,Sondastan54,25,Male
295,Chamim85,22,Male
296,Chamilsala65,23,Female
297,Chamimla73,17,Male
298,Assadarsda51,25,Male
299,Mindimnya67,23,Male
300,Lassadar75,17,Male
301,Chamadar61,21,Male
302,Chadeche54,31,Male
303,Chamalo71,30,Male
304,Marilsa48,34,Male
305,Isketo41,21,Male
306,Chanosian48,35,Other / Non-Disclosed
307,Iskim30,37,Male
308,Rianistast50,22,Male
309,Lirtossa60,24,Male
310,Chanirra64,25,Male
311,Undista50,22,Female
312,Chamjaskya75,16,Male
313,Jeyciman68,22,Male
314,Lirtassan78,15,Male
315,Iskossa88,17,Male
316,Minduli80,25,Male
317,Undiwinya88,22,Male
318,Liawista80,27,Male
319,Deelilsasya30,38,Male
320,Lassimla92,25,Male
321,Iskadar31,16,Male
322,Lisasi93,13,Male
323,Frichadar89,24,Male
324,Layjask75,22,Female
325,Frichynde86,15,Male
326,Lisosianya62,19,Male
327,Ilosiaya62,13,Male
328,Jiskadarst60,16,Male
329,Lisadar41,19,Male
330,Assossanya76,29,Male
331,Chanjaskan43,18,Male
332,Lirtimst73,24,Male
333,Assilsan72,20,Female
334,Undjaskla97,33,Male
335,Lirtossanya27,26,Male
336,Leyirra83,24,Female
337,Thrientossa55,20,Male
338,Assosiasta83,10,Other / Non-Disclosed
339,Undjasksya56,25,Female
340,Maradaran90,35,Female
341,Chamjasknya65,23,Male
342,Lisossan98,37,Male
343,Iskirraya53,23,Male
344,Undilsan50,22,Male
345,Assehoan67,26,Male
346,Frichassala85,15,Male
347,Maropast28,24,Male
348,Lisimsda29,26,Male
349,Jiskimsda56,28,Male
350,Sundast29,16,Female
351,Sizilsala42,25,Male
352,Mindilsa60,21,Male
353,Iskossasda43,16,Male
354,Lisadar44,27,Male
355,Assilsasta89,28,Male
356,Phenastya51,34,Male
357,Lisossala30,20,Male
358,Assassa38,23,Male
359,Lisotesta51,15,Female
360,Ilirrasda54,37,Male
361,Marast30,18,Female
362,Lisassala98,16,Male
363,Lassast89,31,Male
364,Undimnya33,22,Male
365,Iskim66,15,Male
366,Chamadarnya73,29,Male
367,Frichim27,20,Male
368,Lassassast73,15,Male
369,Assossa43,19,Male
370,Lassimsya91,15,Male
371,Sundosiasta28,22,Male
372,Assistasda42,21,Male
373,Frichilsasya78,10,Male
374,Chamistasta57,19,Male
375,Chamast86,32,Female
376,Lassilsa41,10,Male
377,Lisim51,24,Male
378,Frichjask31,23,Male
379,Sondilsaya62,21,Male
380,Assassasda84,7,Male
381,Lisim78,20,Male
382,Tauldilsa43,20,Male
383,Assilsa79,19,Male
384,Sausosia74,22,Male
385,Lisosia93,42,Male
386,Assossa41,25,Male
387,Mindari28,20,Male
388,Lisirrasda67,23,Male
389,Assithasta65,7,Female
390,Lassassasda30,12,Male
391,Mindjasksya61,17,Male
392,Chanirra79,23,Female
393,Chanosia34,22,Male
394,Chamimla85,16,Male
395,Chamirraya83,25,Male
396,Chanilsast61,30,Male
397,Undossa89,20,Male
398,Ilosianya35,32,Male
399,Sondossa91,20,Female
400,Lalossa38,25,Male
401,Sundast87,17,Male
402,Assirra34,22,Male
403,Sondossasya33,25,Male
404,Ilast79,20,Male
405,Marim28,25,Female
406,Frichirranya75,36,Male
407,Mindadar70,21,Male
408,Chamirrasya33,21,Female
409,Chamilsan75,22,Female
410,Iladar47,7,Male
411,Sondossa69,7,Male
412,Lisiriya82,32,Male
413,Lirtast83,8,Male
414,Iludu67,19,Male
415,Mindosiasya28,31,Male
416,Lassjask78,17,Male
417,Frichast25,20,Male
418,Assassasta79,38,Male
419,Chadossa56,20,Male
420,Assjaskan56,26,Male
421,Marjask62,20,Male
422,Chadolyla44,20,Male
423,Marynde90,30,Male
424,Frichaya88,42,Male
425,Marilsast81,24,Male
426,Iskimnya76,16,Male
427,Sundadarla27,23,Male
428,Thourdirra92,19,Male
429,Chamadar79,15,Male
430,Sundim98,21,Other / Non-Disclosed
431,Mindosiast44,35,Male
432,Sundjask71,32,Female
433,Mindossasya74,30,Male
434,Frichast28,20,Male
435,Undista26,25,Female
436,Lisico81,10,Male
437,Chanossanya44,20,Male
438,Frichjaskan98,25,Male
439,Iskista96,33,Female
440,Lirtistasta79,22,Male
441,Assosia38,20,Male
442,Marassaya49,21,Female
443,Lirtirra81,12,Male
444,Leetirraya83,24,Male
445,Iskirra65,18,Male
446,Iskirra75,29,Male
447,Assirra56,22,Male
448,Frichossala54,7,Male
449,Chamim53,25,Male
450,Marundi65,22,Male
451,Lirtirra41,18,Female
452,Lirtassa47,34,Female
453,Marirrasta50,16,Male
454,Frichadaran88,25,Male
455,Mindossa76,41,Male
456,Sundaky74,35,Male
457,Iladarst61,23,Male
458,Sondossa55,18,Male
459,Chanosia60,31,Male
460,Undirra90,22,Male
461,Sundossast30,19,Male
462,Ililsa62,29,Male
463,Lassistasya44,24,Female
464,Marassanya92,24,Male
465,Chamossasya78,22,Male
466,Chanilsasda38,15,Male
467,Lisjaskya84,25,Male
468,Zontibe81,21,Male
469,Iskichinya81,21,Female
470,Lirtistanya48,24,Male
471,Minduri31,39,Male
472,Lirtilsa72,24,Male
473,Chanadar44,25,Male
474,Chanastst38,22,Male
475,Iskossaya95,23,Female
476,Phaestycal84,23,Male
477,Raesursurap33,25,Male
478,Siarithria38,38,Other / Non-Disclosed
479,Aellysup38,11,Male
480,Ialillo44,33,Male
481,Dreolonu96,28,Male
482,Yasurra52,11,Male
483,Raedaisu38,15,Other / Non-Disclosed
484,Haesur70,31,Male
485,Pheodaisun84,30,Male
486,Hiarideu73,20,Male
487,Phaedasurap84,17,Male
488,Illycal38,26,Male
489,Aesty53,21,Male
490,Aedasti36,24,Male
491,Istydil92,24,Male
492,Yadanun74,9,Male
493,Asty82,25,Male
494,Rinallorap73,18,Male
495,Inasti31,17,Male
496,Riaral62,8,Male
497,Isri59,22,Male
498,Rarith48,24,Female
499,Aeralria73,22,Male
500,Shaidanu32,23,Male
501,Ili43,18,Male
502,Saena89,23,Male
503,Syathecal44,16,Male
504,Aedaip85,21,Male
505,Aisurria69,24,Male
506,Tyeuduephos81,32,Male
507,Eusri70,24,Female
508,Anallorgue57,8,Male
509,Phiristi62,25,Male
510,Iri67,20,Male
511,Haerith37,23,Male
512,Hyaduesu61,20,Male
513,Yaliru88,19,Male
514,Riada92,21,Male
515,Briathello36,19,Male
516,Alo67,28,Female
517,Yathe48,36,Male
518,Phalinun47,16,Male
519,Aidain51,39,Female
520,Ryananu51,30,Male
521,Leusur91,19,Male
522,Tyithelis75,24,Male
523,Tyirithnu40,20,Male
524,Aidai73,19,Male
525,Raisty38,15,Male
526,Aiduesu86,22,Female
527,Tyidainu31,18,Female
528,Haillyrgue51,7,Male
529,Reulae52,10,Female
530,Heuthe25,24,Male
531,Phairinum94,23,Male
532,Phiallylis33,19,Male
533,Aeral85,21,Male
534,Isri49,24,Male
535,Seudanu38,24,Male
536,Saistyphos30,35,Male
537,Isri34,38,Male
538,Yalae81,22,Male
539,Hiadanurin36,22,Male
540,Ilariarin45,19,Male
541,Iarira60,22,Female
542,Iathem87,20,Male
543,Queusurra38,20,Female
544,Yala79,22,Female
545,Rastynusuir31,20,Male
546,Hida44,14,Male
547,Iallysti88,22,Female
548,Iduenu77,17,Female
549,Styaduen40,17,Male
550,Tyeusri68,23,Female
551,Heuli25,23,Female
552,Siralsudeu54,20,Male
553,Ralasti48,24,Male
554,Dyally87,22,Male
555,Pheosrinudeu70,20,Male
556,Tillyrin30,25,Male
557,Eusri44,7,Male
558,Iasur80,22,Male
559,Iada89,40,Male
560,Alaesu91,26,Male
561,Rasrirgue43,25,Male
562,Pheulaestidru98,21,Male
563,Yarithsurgue62,26,Male
564,Tyida79,24,Male
565,Heolariap94,35,Male
566,Yadaim31,27,Male
567,Eusurdeu49,23,Male
568,Quinarap53,15,Male
569,Reolacal36,18,Male
570,Saerinu82,22,Male
571,Saedue76,21,Male
572,Raethenu43,26,Male
573,Raeduerin33,18,Male
574,Hari50,20,Female
575,Yathello75,23,Male
576,Ilophos58,21,Male
577,Heunadil74,23,Female
578,Heosurnuru52,16,Female
579,Aisur51,28,Male
580,Eodainu45,20,Male
581,Tyisur83,23,Male
582,Eolo46,30,Male
583,Pheusrical25,23,Male
584,Saedai76,18,Male
585,Raillydeu47,14,Male
586,Ialidru40,24,Male
587,Syathe73,30,Female
588,Tyeurith29,8,Male
589,Idaisuir85,30,Male
590,Saedaiphos46,18,Male
591,Siarin98,25,Male
592,Deural48,22,Male
593,Leulaesti78,14,Male
594,Syalom96,24,Male
595,Pheosurllorin41,23,Female
596,Aenacal31,18,Male
597,Aelastirin39,23,Male
598,Yadam35,28,Male
599,Aisty62,24,Male
600,Aeralstical35,20,Male
601,Aelaria33,23,Male
602,Aeliriam77,19,Male
603,Airal46,24,Other / Non-Disclosed
604,Haisurra41,20,Female
605,Ristydru66,27,Male
606,Tyiaduenuru55,20,Male
607,Isrirgue68,40,Male
608,Eustyru47,24,Male
609,Haisty76,10,Male
610,Yastyriaphos75,22,Male
611,Tyeudailis60,30,Male
612,Aelollo59,33,Male
613,Eudasu82,30,Female
614,Hiral75,22,Male
615,Eusur90,36,Male
616,Rali77,19,Male
617,Inadeu25,15,Male
618,Ririp86,25,Male
619,Neolisuir87,26,Male
620,Aerithnucal56,15,Male
621,Tyalaesu89,25,Male
622,Meosridil82,18,Male
623,Irithrap69,17,Male
624,Hala31,21,Male
625,Iadueria43,24,Male
626,Aerithllora36,29,Female
627,Ilaeriacal64,20,Male
628,Eulanurin88,27,Male
629,Eurith26,20,Male
630,Eulae84,25,Male
631,Phaeduesurgue38,13,Male
632,Siri75,25,Male
633,Heollyriap59,21,Male
634,Aelin32,20,Male
635,Hiarilis28,20,Male
636,Seosri62,9,Male
637,Rithe77,33,Male
638,Idaria87,27,Male
639,Siana77,12,Male
640,Pheodai94,29,Male
641,Eodaisu60,16,Other / Non-Disclosed
642,Tyaili86,7,Male
643,Phadue96,15,Male
644,Phaedan76,29,Male
645,Haeladil46,18,Male
646,Aerithriaphos46,16,Male
647,Yarithphos28,11,Male
648,Yaristi64,21,Male
649,Yadaphos40,30,Male
650,Reustym59,33,Female
651,Tyadaru49,15,Male
652,Eulasuir89,22,Male
653,Yala55,21,Male
654,Ialallo29,15,Female
655,Aethedru70,21,Female
656,Phaedue89,22,Female
657,Raelae62,12,Female
658,Airidil41,20,Female
659,Syarithdil95,20,Female
660,Ceoral34,20,Male
661,Ariria97,21,Male
662,Isurriarap71,23,Male
663,Iaristi72,17,Male
664,Irilis75,20,Male
665,Yalostiphos68,29,Male
666,Hariphos58,17,Male
667,Aidai53,19,Male
668,Ianaphos67,16,Male
669,Iari38,23,Female
670,Isty55,20,Male
671,Tyaenasti87,24,Female
672,Haisty72,23,Female
673,Aerithnuphos61,39,Male
674,Saellyra72,11,Male
675,Aisurdru79,29,Female
676,Aelalis34,8,Male
677,Eoririara90,17,Female
678,Hiasri33,23,Male
679,Sida61,20,Female
680,Aidaira48,24,Female
681,Eodueriacal56,16,Male
682,Yasriphos60,30,Male
683,Rarallo90,33,Male
684,Iallyphos37,36,Female
685,Haisrisuir60,23,Male
686,Aidai61,21,Male
687,Hisridru55,18,Male
688,Aidaisu44,9,Male
689,Phially75,25,Male
690,Aelosti90,13,Female
691,Hidasu42,20,Male
692,Haellysu29,20,Male
693,Tyialisti80,23,Male
694,Asurm40,25,Male
695,Phaelap26,25,Female
696,Salilis27,40,Male
697,Airithrin43,25,Male
698,Yarith71,22,Male
699,Eolan54,30,Male
700,Syalollorap93,22,Female
701,Aina43,19,Male
702,Sastydeu50,35,Male
703,Tyeulisu40,16,Male
704,Tyeoralru41,15,Male
705,Yarithrin84,30,Female
706,Eural50,21,Male
707,Arirgue63,29,Male
708,Hiasur92,27,Female
709,Tyaeduesu93,24,Male
710,Raesurdil91,11,Male
711,Tyidaim51,16,Female
712,Aeral97,23,Male
713,Phistym51,37,Male
714,Eulaestira36,18,Male
715,Eoda93,25,Male
716,Aeri79,10,Male
717,Iduedru67,20,Male
718,Ilarin91,22,Male
719,Yana46,20,Female
720,Rathe30,21,Male
721,Seosrim97,20,Male
722,Iana95,10,Male
723,Ithello95,32,Male
724,Eosur70,32,Male
725,Eudanu84,22,Female
726,Peorith44,24,Male
727,Euthe35,24,Male
728,Yaralsu28,22,Male
729,Heolo60,23,Male
730,Aerithsti91,8,Female
731,Aithedeu98,20,Female
732,Tyithesura58,23,Male
733,Taeduenu92,19,Female
734,Raelly43,25,Male
735,Aena95,19,Male
736,Aeliriarin93,31,Male
737,Phaelaellodil49,18,Male
738,Tyastysuir80,15,Male
739,Tyeuladeu30,23,Male
740,Eodailis27,30,Male
741,Idairin51,20,Other / Non-Disclosed
742,Ialistidru50,8,Female
743,Aesur96,23,Male
744,Rairith81,15,Other / Non-Disclosed
745,Saralp86,18,Male
746,Eosty28,8,Male
747,Sisur91,7,Male
748,Hiasurria41,41,Male
749,Seudaillorap38,27,Male
750,Rithe53,15,Female
751,Shidai42,29,Male
752,Yathedeu43,22,Male
753,Aiduecal76,20,Male
754,Idaistiphos49,19,Male
755,Scheolonu75,21,Female
756,Iarithdil76,23,Male
757,Yanaru31,21,Male
758,Idue72,25,Female
759,Aesririam61,37,Male
760,Aesririaphos84,27,Male
761,Isursuir31,44,Male
762,Eurithphos97,9,Male
763,Arin32,25,Male
764,Iaralsuir44,23,Male
765,Idastidru52,24,Male
766,Raerithsti62,14,Other / Non-Disclosed
767,Saistydru69,34,Male
768,Astydil38,43,Female
769,Ridai74,22,Male
770,Aeralria27,10,Male
771,Ithesuphos68,10,Male
772,Aillyrin83,10,Female
773,Ila44,33,Male
774,Phiarithdeu40,20,Male
775,Aerillorin70,16,Male
776,Risty84,25,Male
777,Eulidru49,17,Male
778,Saena74,24,Male
779,Aillycal84,29,Male
780,Aesty51,23,Male
781,Aenarap34,21,Male
782,Itheria73,36,Male
783,Siallylis44,20,Male
784,Aeduera68,20,Male
785,Syalallodil59,20,Male
786,Heudai45,8,Female
787,Heuralsti66,21,Male
788,Zhisrisu83,10,Male
789,Adastirin33,35,Female
790,Haerithp41,16,Other / Non-Disclosed
791,Hailaphos89,35,Male
792,Eoral49,16,Male
793,Aellyrialis39,32,Male
794,Yasty61,20,Male
795,Tyialisudeu65,24,Male
796,Silinu63,33,Male
797,Idaidil28,15,Male
798,Euna48,38,Male
799,Aidaira26,30,Male
800,Yasrisu92,27,Male
801,Siala43,30,Male
802,Iasurphos83,31,Other / Non-Disclosed
803,Eodairu79,32,Male
804,Steorith54,30,Male
805,Tyisriphos58,20,Male
806,Tyeuduen32,23,Male
807,Sidap51,11,Male
808,Tyeosri53,24,Male
809,Aenasu69,36,Male
810,Tyaelly53,17,Female
811,Yalo71,22,Male
812,Istysu50,22,Male
813,Alaesu77,30,Male
814,Aithelis62,21,Male
815,Heosrisuir72,30,Male
816,Saesrideu94,35,Male
817,Aillyriadru65,24,Male
818,Hairith93,25,Male
819,Sialaera37,24,Male
820,Eudanu32,15,Female
821,Asur96,20,Male
822,Eudaria62,34,Male
823,Eollym91,25,Male
824,Haestyphos66,21,Male
825,Eustyria89,39,Male
826,Isurria36,22,Female
827,Yalo85,34,Male
828,Aidaillodeu39,18,Male
829,Llairith95,18,Male
830,Strithenu87,20,Male
831,Rairith92,28,Male
832,Paenasu97,7,Female
833,Hiaral50,15,Male
834,Isriria90,19,Male
835,Aela59,21,Male
836,Raeri71,20,Male
837,Eusty71,20,Male
838,Isristira52,24,Male
839,Hainaria90,16,Female
840,Eoralrap26,22,Male
841,Nitherian58,28,Male
842,Tyalaru83,7,Female
843,Irith83,18,Male
844,Iral74,21,Male
845,Ali84,29,Male
846,Reuthelis39,29,Male
847,Tyaedaisti57,25,Male
848,Aethe80,15,Male
849,Tyaelorap29,25,Male
850,Idacal95,30,Male
851,Siathecal92,24,Male
852,Heulaedru70,24,Male
853,Aisurrin67,22,Male
854,Seorithstilis90,25,Male
855,Aeda94,17,Male
856,Arithriacal47,23,Male
857,Stryanastip77,29,Female
858,Pheulidil31,20,Male
859,Idasu87,31,Male
860,Ralaeriadeu65,34,Female
861,Raedalis34,9,Male
862,Ialo60,37,Male
863,Ralonurin90,21,Male
864,Silideu44,31,Male
865,Raesty92,12,Male
866,Wailin72,21,Female
867,Eudaria79,25,Female
868,Hallysucal81,25,Male
869,Laedallo55,30,Male
870,Tyalira51,21,Male
871,Arithllorin55,37,Male
872,Eoririn95,15,Male
873,Alo38,20,Male
874,Seostylis96,7,Female
875,Ryanara76,25,Male
876,Eurinu48,20,Male
877,Tyaerith73,36,Male
878,Radaria60,20,Male
879,Irillo49,20,Male
880,Aellyria80,23,Male
881,Phaena87,20,Male
882,Tyeosristi57,25,Male
883,Alallo58,21,Female
884,Riastylis35,20,Male
885,Liri91,22,Male
886,Pheully61,23,Female
887,Aelly27,24,Male
888,Aela49,25,Male
889,Aeral43,24,Male
890,Eudai71,17,Male
891,Seuthep89,8,Male
892,Iduelis31,23,Male
893,Tyeudariasuir90,21,Male
894,Eustyria31,28,Male
895,Rilaphos42,25,Male
896,Syadaillo88,29,Male
897,Inallolis26,30,Male
898,Aelidru27,22,Male
899,Eurallo89,21,Male
900,Streural92,23,Female
901,Seuthelis34,17,Male
902,Tyaesrisuir32,39,Male
903,Whaestysu86,24,Female
904,Riralcal56,24,Male
905,Aina42,25,Male
906,Siasri67,21,Male
907,Philistirap41,20,Male
908,Saida58,16,Male
909,Pharithdil38,22,Male
910,Eosursurap97,20,Male
911,Iasrira89,23,Male
912,Sialo55,17,Female
913,Lliala41,20,Male
914,Aeriru97,23,Male
915,Aidaisti81,21,Male
916,Phistyn52,24,Male
917,Tyili65,26,Male
918,Iathenudil29,20,Male
919,Billysu76,22,Male
920,Halaecal66,22,Male
921,Reula64,20,Female
922,Hilaerin92,23,Male
923,Tridaira71,20,Male
924,Sirira97,21,Male
925,Tyaelistidru84,19,Female
926,Iarallo65,26,Male
927,Rathellorin54,26,Male
928,Aiduesu83,20,Male
929,Tyarithn67,27,Male
930,Iristi88,31,Female
931,Silaera56,21,Male
932,Phainasu47,35,Male
933,Yadaisuir65,20,Male
934,Isursti83,21,Male
935,Sirithra57,23,Male
936,Airi27,24,Other / Non-Disclosed
937,Seolollo93,30,Male
938,Phyali88,15,Female
939,Hillyllop98,22,Male
940,Tyirithria76,24,Other / Non-Disclosed
941,Eoliria33,30,Male
942,Ilara98,25,Male
943,Haerith75,35,Male
944,Haedasu65,24,Female
945,Phadai31,22,Male
946,Heollyra92,22,Male
947,Iri45,35,Female
948,Ilastilis78,11,Male
949,Yasur35,26,Male
950,Aellynun67,25,Male
951,Eosrirgue62,17,Male
952,Tyidanulis74,23,Male
953,Aeri84,24,Male
954,Riduedeu67,9,Female
955,Rilaera56,20,Male
956,Yalaeria91,33,Male
957,Tyaelo67,39,Male
958,Pheutherin27,24,Male
959,Saisrilis27,16,Male
960,Aralphos84,25,Male
961,Asur53,26,Male
962,Phially37,16,Male
963,Irim47,14,Female
964,Tyaeristi78,8,Male
965,Tyaelaelis94,20,Male
966,Eulaeria40,22,Male
967,Riralsti91,20,Male
968,Aethesu45,32,Male
969,Aithesura93,22,Female
970,Yarithllodeu72,22,Male
971,Yalidru59,37,Male
972,Tyeulallo55,20,Male
973,Yathecal72,20,Male
974,Iathephos40,23,Male
975,Caesrinusuir82,30,Male
976,Idairin80,39,Male
977,Haedairiadru51,23,Male
978,Tyaedainu44,25,Male
979,Ryastycal90,33,Male
980,Ina92,31,Male
981,Alaephos75,23,Male
982,Euliria52,7,Male
983,Yaralnura48,7,Female
984,Iasursti71,24,Male
985,Hyarisuir40,15,Male
986,Eusri26,25,Male
987,Iaralrgue74,33,Male
988,Inanurin37,25,Female
989,Seorinu25,20,Male
990,Ilosu82,11,Female
991,Phairi92,27,Male
992,Adairialis76,16,Male
993,Syasriria69,23,Male
994,Ryariria59,23,Male
995,Eolideu96,23,Male
996,Risristin37,22,Female
997,Yaralriadeu76,23,Male
998,Rina82,32,Male
999,Strairisti57,9,Male
1000,Raedairgue89,15,Male
1001,Seuriphos94,15,Male
1002,Aduenulis40,25,Male
1003,Philo41,20,Male
1004,Tyidue95,20,Female
1005,Philodil43,33,Male
1006,Eunalis45,21,Male
1007,Raithe71,25,Male
1008,Aduephos78,21,Female
1009,Yalo77,19,Male
1010,Aela83,35,Male
1011,Seustysti36,25,Male
1012,Iarilis73,10,Male
1013,Alarap40,18,Male
1014,Tyirinu79,21,Male
1015,Nanallom55,29,Male
1016,Hirirap39,22,Male
1017,Inasuir29,40,Female
1018,Eurisuru25,24,Male
1019,Eunadeu69,24,Male
1020,Ithergue48,24,Male
1021,Yarithrgue83,20,Male
1022,Ailaesuir66,29,Male
1023,Phaedai25,17,Female
1024,Yasur85,21,Male
1025,Saelaephos52,21,Male
1026,Saidairiaphos61,23,Male
1027,Iasurriacal29,20,Male
1028,Siarinum43,7,Female
1029,Eulolis41,22,Male
1030,Eula35,40,Male
1031,Eullysulis81,23,Male
1032,Eoduenurin62,40,Female
1033,Eullydru35,22,Female
1034,Yathecal82,20,Female
1035,Eosurdru76,11,Male
1036,Rairin89,24,Male
1037,Yadanu52,34,Male
1038,Pheuthello28,28,Male
1039,Smaistysu35,30,Male
1040,Saelollop56,36,Male
1041,Aestysu37,25,Male
1042,Tyananurgue44,18,Male
1043,Saerallora71,23,Male
1044,Hada39,19,Male
1045,Aesri53,31,Male
1046,Hirisulis84,21,Female
1047,Baelollodeu94,20,Female
1048,Eothe56,15,Male
1049,Idai61,19,Male
1050,Tyilonuru81,37,Male
1051,Syally44,17,Male
1052,Eoralphos86,20,Male
1053,Phaellyllo57,22,Male
1054,Tyaelorgue39,22,Male
1055,Thryallym62,24,Male
1056,Aerithriaphos45,20,Male
1057,Yadacal26,15,Male
1058,Alim85,25,Male
1059,Aedaillo57,19,Male
1060,Aesurstilis64,25,Male
1061,Reunasu60,22,Female
1062,Sally64,25,Female
1063,Tyilostip49,36,Male
1064,Pharithphos42,31,Female
1065,Irithlis29,23,Male
1066,Aeral68,43,Male
1067,Phidaru58,33,Male
1068,Aisurphos78,25,Male
1069,Ilaesudil92,25,Male
1070,Aeliru63,22,Male
1071,Ethralan59,14,Male
1072,Palurrian69,7,Male
1073,Quarunarn52,22,Male
1074,Farusrian86,37,Male
1075,Palyon91,21,Male
1076,Quanrion96,21,Female
1077,Qarirwen82,33,Male
1078,Fironon91,30,Male
1079,Filrion59,27,Male
1080,Ealiril69,35,Male
1081,Ethruard50,24,Male
1082,Ealarn92,24,Male
1083,Indirrian56,20,Male
1084,Ardil41,21,Male
1085,Lamyon68,16,Male
1086,Ardonmol96,20,Male
1087,Eryon48,16,Male
1088,Malista67,22,Male
1089,Quarurie36,23,Male
1090,Lamil79,38,Male
1091,Ethrasyon38,26,Male
1092,Malarrian73,18,Male
1093,Lamil70,19,Female
1094,Palon70,32,Male
1095,Quanunwen42,23,Female
1096,Qaronon57,16,Male
1097,Quarusrion32,22,Male
1098,Qarwen67,23,Male
1099,Ilmol66,8,Female
1100,Indcil77,17,Male
1101,Faralcil63,7,Male
1102,Yararmol43,24,Female
1103,Maluncil97,25,Other / Non-Disclosed
1104,Qilatista90,17,Male
1105,Eronie44,19,Male
1106,Quaranmol58,24,Male
1107,Filrion44,28,Female
1108,Malon70,23,Male
1109,Eyista89,34,Male
1110,Palatyon26,21,Male
1111,Inguard95,29,Male
1112,Filurarn35,19,Male
1113,Ennrian78,24,Male
1114,Qiluard68,29,Male
1115,Umuard36,11,Female
1116,Filrion83,17,Male
1117,Ennalmol65,24,Male
1118,Quelaton80,28,Male
1119,Ardcil81,34,Male
1120,Ethriel85,30,Male
1121,Ethralista69,13,Male
1122,Lamon28,27,Female
1123,Yarolwen77,30,Male
1124,Indonmol95,15,Male
1125,Ennoncil86,17,Male
1126,Quanenrian83,15,Male
1127,Ealrion88,30,Male
1128,Ethrusuard41,28,Male
1129,Qilatie51,11,Other / Non-Disclosed
1130,Quelatarn54,16,Male
1131,Ingonon91,11,Male
1132,Eyircil84,21,Male
1133,Qilanrion65,37,Male
1134,Ethron58,20,Male
1135,Yarmol79,21,Male
1136,Farrian71,18,Male
1137,Ilrian97,27,Male
1138,Ingatcil75,23,Male
1139,Malunil62,18,Male
1140,Indanuard75,39,Male
1141,Ermol76,24,Male
1142,Farenon57,9,Female
1143,Malil90,22,Male
1144,Firan91,24,Male
1145,Filon68,37,Male
1146,Iliel92,16,Male
1147,Umolrian85,32,Female
1148,Yarirarn35,21,Male
1149,Inguron55,23,Male
1150,Ilenmol62,22,Male
1151,Quarrion42,22,Male
1152,Qilunan34,23,Male
1153,Ilunyon70,20,Male
1154,Firon67,35,Male
1155,Arduard95,35,Male
1156,Firatan58,23,Male
1157,Errian63,26,Female
1158,Eratiel90,18,Male
1159,Qarrian82,35,Female
1160,Eyrian71,40,Male
1161,Qilalista41,23,Male
1162,Erudrion71,25,Male
